{"dice": 0.4699782431125641,"per_dataset_modality_task_dice": {"MSD_mr_42": {"CT": {},"MRI": {"prostate": 0.15312455594539642}},"T2-weighted-MRI_mr_42": {"CT": {},"MRI": {"prostate": 0.562184751033783}},"promise12_mr_42": {"CT": {},"MRI": {"prostate": 0.0011033674236387014}},"SAML_mr_42": {"CT": {},"MRI": {"prostate": 0.06165027990937233}},"brats_mr_42": {"CT": {},"MRI": {"Enhancing Tumor": 0.5578372478485107,"Non-Contrast-Enhancing Tumor Core": 0.0,"Edema": 0.2873592972755432}},"amos_mrct_42": {"CT": {},"MRI": {"right kidney": 0.9404864311218262,"liver": 0.9586419463157654,"arota": 0.8900995254516602,"left adrenal gland": 0.356410413980484,"pancreas": 0.5352259874343872,"esophagus": 0.4174879193305969,"gall bladder": 0.21165090799331665,"stomach": 0.7841691374778748,"duodenum": 0.6093668937683105,"left kidney": 0.9509588479995728,"postcava": 0.7885869145393372,"bladder": 0.0,"prostate/uterus": 0.0,"spleen": 0.7186406850814819,"right adrenal gland": 0.18540556728839874}},"0018 Dataset": {"CT": {"colon cancer": 0.6671652793884277},"MRI": {}},"chaos_mrct_42": {"CT": {},"MRI": {"right kidney": 0.012660850770771503,"left kidney": 0.001822755322791636,"liver": 0.7785932421684265,"spleen": 0.0022634107153862715}},"0020 Dataset": {"CT": {"liver": 0.9623362421989441,"tumour": 0.4418604373931885},"MRI": {}},"0022 Dataset": {"CT": {"tumour": 0.5201589465141296,"pancreas": 0.7755621075630188},"MRI": {}},"0023 Dataset": {"CT": {"spleen": 0.9638054966926575},"MRI": {}}},"per_dataset_modality_task_counts": {"MSD_mr_42": {"CT": {},"MRI": {"prostate": 4}},"T2-weighted-MRI_mr_42": {"CT": {},"MRI": {"prostate": 4}},"promise12_mr_42": {"CT": {},"MRI": {"prostate": 4}},"SAML_mr_42": {"CT": {},"MRI": {"prostate": 4}},"brats_mr_42": {"CT": {},"MRI": {"Enhancing Tumor": 4,"Non-Contrast-Enhancing Tumor Core": 4,"Edema": 4}},"amos_mrct_42": {"CT": {},"MRI": {"right kidney": 4,"liver": 4,"arota": 4,"left adrenal gland": 4,"pancreas": 4,"esophagus": 4,"gall bladder": 4,"stomach": 4,"duodenum": 4,"left kidney": 4,"postcava": 4,"bladder": 4,"prostate/uterus": 4,"spleen": 4,"right adrenal gland": 4}},"0018 Dataset": {"CT": {"colon cancer": 4},"MRI": {}},"chaos_mrct_42": {"CT": {},"MRI": {"right kidney": 3,"left kidney": 3,"liver": 3,"spleen": 3}},"0020 Dataset": {"CT": {"liver": 3,"tumour": 3},"MRI": {}},"0022 Dataset": {"CT": {"tumour": 3,"pancreas": 3},"MRI": {}},"0023 Dataset": {"CT": {"spleen": 3},"MRI": {}}}}