{"dice": 0.48444923758506775,"per_dataset_modality_task_dice": {"MSD_mr_42": {"CT": {},"MRI": {"prostate": 0.249736487865448}},"T2-weighted-MRI_mr_42": {"CT": {},"MRI": {"prostate": 0.696751058101654}},"promise12_mr_42": {"CT": {},"MRI": {"prostate": 9.287032298743725e-05}},"SAML_mr_42": {"CT": {},"MRI": {"prostate": 0.36785197257995605}},"brats_mr_42": {"CT": {},"MRI": {"Enhancing Tumor": 0.5501306056976318,"Non-Contrast-Enhancing Tumor Core": 0.0,"Edema": 0.17404963076114655}},"amos_mrct_42": {"CT": {},"MRI": {"right kidney": 0.946202278137207,"liver": 0.9558893442153931,"arota": 0.8897817730903625,"left adrenal gland": 0.19924812018871307,"pancreas": 0.5219482779502869,"esophagus": 0.4181607961654663,"gall bladder": 0.21281088888645172,"stomach": 0.8229700922966003,"duodenum": 0.5914701819419861,"left kidney": 0.9512581825256348,"postcava": 0.7928863763809204,"bladder": 0.0,"prostate/uterus": 0.0,"spleen": 0.7101993560791016,"right adrenal gland": 0.18112245202064514}},"0018 Dataset": {"CT": {"colon cancer": 0.6908332109451294},"MRI": {}},"chaos_mrct_42": {"CT": {},"MRI": {"right kidney": 2.535046951379627e-05,"left kidney": 0.000993244699202478,"liver": 0.7766904830932617,"spleen": 0.0003730586904566735}},"0020 Dataset": {"CT": {"liver": 0.9238753318786621,"tumour": 0.4452238082885742},"MRI": {}},"0022 Dataset": {"CT": {"tumour": 0.7446417808532715,"pancreas": 0.7945650219917297},"MRI": {}},"0023 Dataset": {"CT": {"spleen": 0.9655740261077881},"MRI": {}}},"per_dataset_modality_task_counts": {"MSD_mr_42": {"CT": {},"MRI": {"prostate": 4}},"T2-weighted-MRI_mr_42": {"CT": {},"MRI": {"prostate": 4}},"promise12_mr_42": {"CT": {},"MRI": {"prostate": 4}},"SAML_mr_42": {"CT": {},"MRI": {"prostate": 4}},"brats_mr_42": {"CT": {},"MRI": {"Enhancing Tumor": 4,"Non-Contrast-Enhancing Tumor Core": 4,"Edema": 4}},"amos_mrct_42": {"CT": {},"MRI": {"right kidney": 4,"liver": 4,"arota": 4,"left adrenal gland": 4,"pancreas": 4,"esophagus": 4,"gall bladder": 4,"stomach": 4,"duodenum": 4,"left kidney": 4,"postcava": 4,"bladder": 4,"prostate/uterus": 4,"spleen": 4,"right adrenal gland": 4}},"0018 Dataset": {"CT": {"colon cancer": 4},"MRI": {}},"chaos_mrct_42": {"CT": {},"MRI": {"right kidney": 3,"left kidney": 3,"liver": 3,"spleen": 3}},"0020 Dataset": {"CT": {"liver": 3,"tumour": 3},"MRI": {}},"0022 Dataset": {"CT": {"tumour": 3,"pancreas": 3},"MRI": {}},"0023 Dataset": {"CT": {"spleen": 3},"MRI": {}}}}