{"dice": 0.6075997352600098,"per_dataset_modality_task_dice": {"MSD_mr_42": {"CT": {},"MRI": {"prostate": 0.5085164904594421}},"T2-weighted-MRI_mr_42": {"CT": {},"MRI": {"prostate": 0.6193079352378845}},"promise12_mr_42": {"CT": {},"MRI": {"prostate": 0.5594162344932556}},"SAML_mr_42": {"CT": {},"MRI": {"prostate": 0.4298862814903259}},"brats_mr_42": {"CT": {},"MRI": {"Enhancing Tumor": 0.43539804220199585,"Non-Contrast-Enhancing Tumor Core": 0.11767038702964783,"Edema": 0.4868844449520111}},"amos_mrct_42": {"CT": {},"MRI": {"right kidney": 0.951889157295227,"liver": 0.860703706741333,"arota": 0.825076699256897,"left adrenal gland": 0.45531749725341797,"pancreas": 0.6300898790359497,"esophagus": 0.5991177558898926,"gall bladder": 0.4804553687572479,"stomach": 0.8216809630393982,"duodenum": 0.5293951630592346,"left kidney": 0.9441062211990356,"postcava": 0.7401320338249207,"bladder": 0.0,"prostate/uterus": 0.0,"spleen": 0.9386905431747437,"right adrenal gland": 0.41876885294914246}},"0018 Dataset": {"CT": {"colon cancer": 0.6536151766777039},"MRI": {}},"chaos_mrct_42": {"CT": {},"MRI": {"right kidney": 0.8472020030021667,"left kidney": 0.7916447520256042,"liver": 0.639173686504364,"spleen": 0.8093361854553223}},"0020 Dataset": {"CT": {"liver": 0.9337669014930725,"tumour": 0.3842599391937256},"MRI": {}},"0022 Dataset": {"CT": {"tumour": 0.6352869272232056,"pancreas": 0.7824274897575378},"MRI": {}},"0023 Dataset": {"CT": {"spleen": 0.936873733997345},"MRI": {}}},"per_dataset_modality_task_counts": {"MSD_mr_42": {"CT": {},"MRI": {"prostate": 4}},"T2-weighted-MRI_mr_42": {"CT": {},"MRI": {"prostate": 4}},"promise12_mr_42": {"CT": {},"MRI": {"prostate": 4}},"SAML_mr_42": {"CT": {},"MRI": {"prostate": 4}},"brats_mr_42": {"CT": {},"MRI": {"Enhancing Tumor": 4,"Non-Contrast-Enhancing Tumor Core": 4,"Edema": 4}},"amos_mrct_42": {"CT": {},"MRI": {"right kidney": 4,"liver": 4,"arota": 4,"left adrenal gland": 4,"pancreas": 4,"esophagus": 4,"gall bladder": 4,"stomach": 4,"duodenum": 4,"left kidney": 4,"postcava": 4,"bladder": 4,"prostate/uterus": 4,"spleen": 4,"right adrenal gland": 4}},"0018 Dataset": {"CT": {"colon cancer": 4},"MRI": {}},"chaos_mrct_42": {"CT": {},"MRI": {"right kidney": 3,"left kidney": 3,"liver": 3,"spleen": 3}},"0020 Dataset": {"CT": {"liver": 3,"tumour": 3},"MRI": {}},"0022 Dataset": {"CT": {"tumour": 3,"pancreas": 3},"MRI": {}},"0023 Dataset": {"CT": {"spleen": 3},"MRI": {}}}}