{"dice": 0.31263598799705505,"per_dataset_modality_task_dice": {"MSD_mr_42": {"CT": {},"MRI": {"prostate": 0.06751037389039993}},"T2-weighted-MRI_mr_42": {"CT": {},"MRI": {"prostate": 0.10562076419591904}},"promise12_mr_42": {"CT": {},"MRI": {"prostate": 0.009711130522191525}},"SAML_mr_42": {"CT": {},"MRI": {"prostate": 0.15799421072006226}},"brats_mr_42": {"CT": {},"MRI": {"Enhancing Tumor": 0.2583269774913788,"Non-Contrast-Enhancing Tumor Core": 0.06384623050689697,"Edema": 0.08703207224607468}},"amos_mrct_42": {"CT": {},"MRI": {"right kidney": 0.5846530199050903,"liver": 0.9563593864440918,"arota": 0.8623211979866028,"left adrenal gland": 0.0,"pancreas": 0.4268040060997009,"esophagus": 0.14586511254310608,"gall bladder": 0.21785317361354828,"stomach": 0.5479409098625183,"duodenum": 0.5602800250053406,"left kidney": 0.6416530609130859,"postcava": 0.7395969033241272,"bladder": 0.0,"prostate/uterus": 0.0,"spleen": 0.7156058549880981,"right adrenal gland": 0.08456002920866013}},"0018 Dataset": {"CT": {"colon cancer": 0.170304536819458},"MRI": {}},"chaos_mrct_42": {"CT": {},"MRI": {"right kidney": 0.013860474340617657,"left kidney": 0.002431631786748767,"liver": 0.4913051426410675,"spleen": 0.00010931829456239939}},"0020 Dataset": {"CT": {"liver": 0.63528972864151,"tumour": 0.42787981033325195},"MRI": {}},"0022 Dataset": {"CT": {"tumour": 0.14598087966442108,"pancreas": 0.5709907412528992},"MRI": {}},"0023 Dataset": {"CT": {"spleen": 0.24159090220928192},"MRI": {}}},"per_dataset_modality_task_counts": {"MSD_mr_42": {"CT": {},"MRI": {"prostate": 4}},"T2-weighted-MRI_mr_42": {"CT": {},"MRI": {"prostate": 4}},"promise12_mr_42": {"CT": {},"MRI": {"prostate": 4}},"SAML_mr_42": {"CT": {},"MRI": {"prostate": 4}},"brats_mr_42": {"CT": {},"MRI": {"Enhancing Tumor": 4,"Non-Contrast-Enhancing Tumor Core": 4,"Edema": 4}},"amos_mrct_42": {"CT": {},"MRI": {"right kidney": 4,"liver": 4,"arota": 4,"left adrenal gland": 4,"pancreas": 4,"esophagus": 4,"gall bladder": 4,"stomach": 4,"duodenum": 4,"left kidney": 4,"postcava": 4,"bladder": 4,"prostate/uterus": 4,"spleen": 4,"right adrenal gland": 4}},"0018 Dataset": {"CT": {"colon cancer": 4},"MRI": {}},"chaos_mrct_42": {"CT": {},"MRI": {"right kidney": 3,"left kidney": 3,"liver": 3,"spleen": 3}},"0020 Dataset": {"CT": {"liver": 3,"tumour": 3},"MRI": {}},"0022 Dataset": {"CT": {"tumour": 3,"pancreas": 3},"MRI": {}},"0023 Dataset": {"CT": {"spleen": 3},"MRI": {}}}}