{"dice": 0.398806631565094,"per_dataset_modality_task_dice": {"MSD_mr_42": {"CT": {},"MRI": {"prostate": 0.1457982063293457}},"T2-weighted-MRI_mr_42": {"CT": {},"MRI": {"prostate": 0.4836936593055725}},"promise12_mr_42": {"CT": {},"MRI": {"prostate": 0.0}},"SAML_mr_42": {"CT": {},"MRI": {"prostate": 0.06060054898262024}},"brats_mr_42": {"CT": {},"MRI": {"Enhancing Tumor": 0.3227577209472656,"Non-Contrast-Enhancing Tumor Core": 0.014419267885386944,"Edema": 0.0}},"amos_mrct_42": {"CT": {},"MRI": {"right kidney": 0.914726734161377,"liver": 0.9573315978050232,"arota": 0.8931218981742859,"left adrenal gland": 0.10149963200092316,"pancreas": 0.45374906063079834,"esophagus": 0.34409892559051514,"gall bladder": 0.25498154759407043,"stomach": 0.7742539048194885,"duodenum": 0.4273412227630615,"left kidney": 0.9475531578063965,"postcava": 0.7956506013870239,"bladder": 0.0,"prostate/uterus": 0.0,"spleen": 0.7066336870193481,"right adrenal gland": 0.0}},"0018 Dataset": {"CT": {"colon cancer": 0.5058408975601196},"MRI": {}},"chaos_mrct_42": {"CT": {},"MRI": {"right kidney": 9.546995715936646e-05,"left kidney": 0.0029163865838199854,"liver": 0.5698246955871582,"spleen": 0.0011274387361481786}},"0020 Dataset": {"CT": {"liver": 0.9572013020515442,"tumour": 0.2632140815258026},"MRI": {}},"0022 Dataset": {"CT": {"tumour": 0.2218889445066452,"pancreas": 0.7149544358253479},"MRI": {}},"0023 Dataset": {"CT": {"spleen": 0.9493691921234131},"MRI": {}}},"per_dataset_modality_task_counts": {"MSD_mr_42": {"CT": {},"MRI": {"prostate": 4}},"T2-weighted-MRI_mr_42": {"CT": {},"MRI": {"prostate": 4}},"promise12_mr_42": {"CT": {},"MRI": {"prostate": 4}},"SAML_mr_42": {"CT": {},"MRI": {"prostate": 4}},"brats_mr_42": {"CT": {},"MRI": {"Enhancing Tumor": 4,"Non-Contrast-Enhancing Tumor Core": 4,"Edema": 4}},"amos_mrct_42": {"CT": {},"MRI": {"right kidney": 4,"liver": 4,"arota": 4,"left adrenal gland": 4,"pancreas": 4,"esophagus": 4,"gall bladder": 4,"stomach": 4,"duodenum": 4,"left kidney": 4,"postcava": 4,"bladder": 4,"prostate/uterus": 4,"spleen": 4,"right adrenal gland": 4}},"0018 Dataset": {"CT": {"colon cancer": 4},"MRI": {}},"chaos_mrct_42": {"CT": {},"MRI": {"right kidney": 3,"left kidney": 3,"liver": 3,"spleen": 3}},"0020 Dataset": {"CT": {"liver": 3,"tumour": 3},"MRI": {}},"0022 Dataset": {"CT": {"tumour": 3,"pancreas": 3},"MRI": {}},"0023 Dataset": {"CT": {"spleen": 3},"MRI": {}}}}