{"dice": 0.4691295027732849,"per_dataset_modality_task_dice": {"MSD_mr_42": {"CT": {},"MRI": {"prostate": 0.14961625635623932}},"T2-weighted-MRI_mr_42": {"CT": {},"MRI": {"prostate": 0.5727433562278748}},"promise12_mr_42": {"CT": {},"MRI": {"prostate": 0.0007440476329065859}},"SAML_mr_42": {"CT": {},"MRI": {"prostate": 0.055170588195323944}},"brats_mr_42": {"CT": {},"MRI": {"Enhancing Tumor": 0.5621942281723022,"Non-Contrast-Enhancing Tumor Core": 0.0,"Edema": 0.1575542390346527}},"amos_mrct_42": {"CT": {},"MRI": {"right kidney": 0.9505680203437805,"liver": 0.9585488438606262,"arota": 0.8954240083694458,"left adrenal gland": 0.19797782599925995,"pancreas": 0.5357601046562195,"esophagus": 0.4385074973106384,"gall bladder": 0.21331611275672913,"stomach": 0.8073249459266663,"duodenum": 0.610013484954834,"left kidney": 0.9507970809936523,"postcava": 0.7976109981536865,"bladder": 0.0,"prostate/uterus": 0.0,"spleen": 0.7324539422988892,"right adrenal gland": 0.18054211139678955}},"0018 Dataset": {"CT": {"colon cancer": 0.6750743389129639},"MRI": {}},"chaos_mrct_42": {"CT": {},"MRI": {"right kidney": 0.0010672531789168715,"left kidney": 0.0017872382886707783,"liver": 0.776478111743927,"spleen": 0.0022818592842668295}},"0020 Dataset": {"CT": {"liver": 0.9651214480400085,"tumour": 0.43791475892066956},"MRI": {}},"0022 Dataset": {"CT": {"tumour": 0.7531636357307434,"pancreas": 0.7847609519958496},"MRI": {}},"0023 Dataset": {"CT": {"spleen": 0.9636427760124207},"MRI": {}}},"per_dataset_modality_task_counts": {"MSD_mr_42": {"CT": {},"MRI": {"prostate": 4}},"T2-weighted-MRI_mr_42": {"CT": {},"MRI": {"prostate": 4}},"promise12_mr_42": {"CT": {},"MRI": {"prostate": 4}},"SAML_mr_42": {"CT": {},"MRI": {"prostate": 4}},"brats_mr_42": {"CT": {},"MRI": {"Enhancing Tumor": 4,"Non-Contrast-Enhancing Tumor Core": 4,"Edema": 4}},"amos_mrct_42": {"CT": {},"MRI": {"right kidney": 4,"liver": 4,"arota": 4,"left adrenal gland": 4,"pancreas": 4,"esophagus": 4,"gall bladder": 4,"stomach": 4,"duodenum": 4,"left kidney": 4,"postcava": 4,"bladder": 4,"prostate/uterus": 4,"spleen": 4,"right adrenal gland": 4}},"0018 Dataset": {"CT": {"colon cancer": 4},"MRI": {}},"chaos_mrct_42": {"CT": {},"MRI": {"right kidney": 3,"left kidney": 3,"liver": 3,"spleen": 3}},"0020 Dataset": {"CT": {"liver": 3,"tumour": 3},"MRI": {}},"0022 Dataset": {"CT": {"tumour": 3,"pancreas": 3},"MRI": {}},"0023 Dataset": {"CT": {"spleen": 3},"MRI": {}}}}