{"dice": 0.6344529390335083,"per_dataset_modality_task_dice": {"MSD_mr_42": {"CT": {},"MRI": {"prostate": 0.8843585848808289}},"T2-weighted-MRI_mr_42": {"CT": {},"MRI": {"prostate": 0.8441956043243408}},"promise12_mr_42": {"CT": {},"MRI": {"prostate": 0.6380491256713867}},"SAML_mr_42": {"CT": {},"MRI": {"prostate": 0.6432042121887207}},"brats_mr_42": {"CT": {},"MRI": {"Enhancing Tumor": 0.4866827726364136,"Edema": 0.4331004321575165,"Non-Contrast-Enhancing Tumor Core": 0.038047078996896744}},"amos_mrct_42": {"CT": {},"MRI": {"liver": 0.9613993167877197,"left adrenal gland": 0.5591101050376892,"bladder": 0.0,"arota": 0.8805839419364929,"gall bladder": 0.570243239402771,"esophagus": 0.5752578973770142,"right kidney": 0.9584079384803772,"right adrenal gland": 0.4631125032901764,"stomach": 0.8232488632202148,"left kidney": 0.9512443542480469,"pancreas": 0.772674560546875,"duodenum": 0.5760741829872131,"postcava": 0.7837011814117432,"prostate/uterus": 0.0,"spleen": 0.9608758091926575}},"0018 Dataset": {"CT": {"colon cancer": 0.3077715039253235},"MRI": {}},"chaos_mrct_42": {"CT": {},"MRI": {"liver": 0.912594735622406,"spleen": 0.06831749528646469,"left kidney": 0.7780552506446838,"right kidney": 0.8330067992210388}},"0020 Dataset": {"CT": {"liver": 0.9579890370368958,"tumour": 0.5163505673408508},"MRI": {}},"0022 Dataset": {"CT": {"tumour": 0.5502347946166992,"pancreas": 0.7720910906791687},"MRI": {}},"0023 Dataset": {"CT": {"spleen": 0.96286940574646},"MRI": {}}},"per_dataset_modality_task_counts": {"MSD_mr_42": {"CT": {},"MRI": {"prostate": 4}},"T2-weighted-MRI_mr_42": {"CT": {},"MRI": {"prostate": 4}},"promise12_mr_42": {"CT": {},"MRI": {"prostate": 4}},"SAML_mr_42": {"CT": {},"MRI": {"prostate": 4}},"brats_mr_42": {"CT": {},"MRI": {"Enhancing Tumor": 4,"Edema": 4,"Non-Contrast-Enhancing Tumor Core": 4}},"amos_mrct_42": {"CT": {},"MRI": {"liver": 4,"left adrenal gland": 4,"bladder": 4,"arota": 4,"gall bladder": 4,"esophagus": 4,"right kidney": 4,"right adrenal gland": 4,"stomach": 4,"left kidney": 4,"pancreas": 4,"duodenum": 4,"postcava": 4,"prostate/uterus": 4,"spleen": 4}},"0018 Dataset": {"CT": {"colon cancer": 4},"MRI": {}},"chaos_mrct_42": {"CT": {},"MRI": {"liver": 3,"spleen": 3,"left kidney": 3,"right kidney": 3}},"0020 Dataset": {"CT": {"liver": 3,"tumour": 3},"MRI": {}},"0022 Dataset": {"CT": {"tumour": 3,"pancreas": 3},"MRI": {}},"0023 Dataset": {"CT": {"spleen": 3},"MRI": {}}}}