{"dice": 0.6221516132354736,"per_dataset_modality_task_dice": {"MSD_mr_42": {"CT": {},"MRI": {"prostate": 0.8820863962173462}},"T2-weighted-MRI_mr_42": {"CT": {},"MRI": {"prostate": 0.837219774723053}},"promise12_mr_42": {"CT": {},"MRI": {"prostate": 0.7224888205528259}},"SAML_mr_42": {"CT": {},"MRI": {"prostate": 0.6059499979019165}},"brats_mr_42": {"CT": {},"MRI": {"Enhancing Tumor": 0.46275120973587036,"Edema": 0.42673155665397644,"Non-Contrast-Enhancing Tumor Core": 0.0040788063779473305}},"amos_mrct_42": {"CT": {},"MRI": {"liver": 0.9616700410842896,"left adrenal gland": 0.5642308592796326,"bladder": 0.0,"arota": 0.8865739107131958,"gall bladder": 0.56892991065979,"esophagus": 0.5627950429916382,"right kidney": 0.9584487676620483,"right adrenal gland": 0.46030259132385254,"stomach": 0.8230690360069275,"left kidney": 0.9487643241882324,"pancreas": 0.778596818447113,"duodenum": 0.5768293142318726,"postcava": 0.7860738039016724,"prostate/uterus": 0.0,"spleen": 0.9600274562835693}},"0018 Dataset": {"CT": {"colon cancer": 0.22952502965927124},"MRI": {}},"chaos_mrct_42": {"CT": {},"MRI": {"liver": 0.9121643900871277,"spleen": 0.0336226187646389,"left kidney": 0.4758749306201935,"right kidney": 0.8234288096427917}},"0020 Dataset": {"CT": {"liver": 0.9580181241035461,"tumour": 0.5108831524848938},"MRI": {}},"0022 Dataset": {"CT": {"tumour": 0.551362931728363,"pancreas": 0.7743052840232849},"MRI": {}},"0023 Dataset": {"CT": {"spleen": 0.9628317356109619},"MRI": {}}},"per_dataset_modality_task_counts": {"MSD_mr_42": {"CT": {},"MRI": {"prostate": 4}},"T2-weighted-MRI_mr_42": {"CT": {},"MRI": {"prostate": 4}},"promise12_mr_42": {"CT": {},"MRI": {"prostate": 4}},"SAML_mr_42": {"CT": {},"MRI": {"prostate": 4}},"brats_mr_42": {"CT": {},"MRI": {"Enhancing Tumor": 4,"Edema": 4,"Non-Contrast-Enhancing Tumor Core": 4}},"amos_mrct_42": {"CT": {},"MRI": {"liver": 4,"left adrenal gland": 4,"bladder": 4,"arota": 4,"gall bladder": 4,"esophagus": 4,"right kidney": 4,"right adrenal gland": 4,"stomach": 4,"left kidney": 4,"pancreas": 4,"duodenum": 4,"postcava": 4,"prostate/uterus": 4,"spleen": 4}},"0018 Dataset": {"CT": {"colon cancer": 4},"MRI": {}},"chaos_mrct_42": {"CT": {},"MRI": {"liver": 3,"spleen": 3,"left kidney": 3,"right kidney": 3}},"0020 Dataset": {"CT": {"liver": 3,"tumour": 3},"MRI": {}},"0022 Dataset": {"CT": {"tumour": 3,"pancreas": 3},"MRI": {}},"0023 Dataset": {"CT": {"spleen": 3},"MRI": {}}}}