{"dice": 0.6360529065132141,"per_dataset_modality_task_dice": {"MSD_mr_42": {"CT": {},"MRI": {"prostate": 0.8838036060333252}},"T2-weighted-MRI_mr_42": {"CT": {},"MRI": {"prostate": 0.8459420204162598}},"promise12_mr_42": {"CT": {},"MRI": {"prostate": 0.6988403797149658}},"SAML_mr_42": {"CT": {},"MRI": {"prostate": 0.6331149339675903}},"brats_mr_42": {"CT": {},"MRI": {"Enhancing Tumor": 0.48490816354751587,"Edema": 0.44087404012680054,"Non-Contrast-Enhancing Tumor Core": 0.001768091693520546}},"amos_mrct_42": {"CT": {},"MRI": {"liver": 0.9613842964172363,"left adrenal gland": 0.556087851524353,"bladder": 0.0,"arota": 0.8869882225990295,"gall bladder": 0.566585123538971,"esophagus": 0.5706161260604858,"right kidney": 0.9584079384803772,"right adrenal gland": 0.458107054233551,"stomach": 0.8232702016830444,"left kidney": 0.9512443542480469,"pancreas": 0.7699519395828247,"duodenum": 0.5794045329093933,"postcava": 0.7833667993545532,"prostate/uterus": 0.0,"spleen": 0.9607350826263428}},"0018 Dataset": {"CT": {"colon cancer": 0.3317897319793701},"MRI": {}},"chaos_mrct_42": {"CT": {},"MRI": {"liver": 0.9122493863105774,"spleen": 0.0829673483967781,"left kidney": 0.7727189064025879,"right kidney": 0.8434813618659973}},"0020 Dataset": {"CT": {"liver": 0.9576085209846497,"tumour": 0.5116556286811829},"MRI": {}},"0022 Dataset": {"CT": {"tumour": 0.5539193749427795,"pancreas": 0.7698031067848206},"MRI": {}},"0023 Dataset": {"CT": {"spleen": 0.9627673029899597},"MRI": {}}},"per_dataset_modality_task_counts": {"MSD_mr_42": {"CT": {},"MRI": {"prostate": 4}},"T2-weighted-MRI_mr_42": {"CT": {},"MRI": {"prostate": 4}},"promise12_mr_42": {"CT": {},"MRI": {"prostate": 4}},"SAML_mr_42": {"CT": {},"MRI": {"prostate": 4}},"brats_mr_42": {"CT": {},"MRI": {"Enhancing Tumor": 4,"Edema": 4,"Non-Contrast-Enhancing Tumor Core": 4}},"amos_mrct_42": {"CT": {},"MRI": {"liver": 4,"left adrenal gland": 4,"bladder": 4,"arota": 4,"gall bladder": 4,"esophagus": 4,"right kidney": 4,"right adrenal gland": 4,"stomach": 4,"left kidney": 4,"pancreas": 4,"duodenum": 4,"postcava": 4,"prostate/uterus": 4,"spleen": 4}},"0018 Dataset": {"CT": {"colon cancer": 4},"MRI": {}},"chaos_mrct_42": {"CT": {},"MRI": {"liver": 3,"spleen": 3,"left kidney": 3,"right kidney": 3}},"0020 Dataset": {"CT": {"liver": 3,"tumour": 3},"MRI": {}},"0022 Dataset": {"CT": {"tumour": 3,"pancreas": 3},"MRI": {}},"0023 Dataset": {"CT": {"spleen": 3},"MRI": {}}}}