{"dice": 0.5970200896263123,"per_dataset_modality_task_dice": {"MSD_mr_42": {"CT": {},"MRI": {"prostate": 0.8727542161941528}},"T2-weighted-MRI_mr_42": {"CT": {},"MRI": {"prostate": 0.6221312284469604}},"promise12_mr_42": {"CT": {},"MRI": {"prostate": 0.5401873588562012}},"SAML_mr_42": {"CT": {},"MRI": {"prostate": 0.5836039781570435}},"brats_mr_42": {"CT": {},"MRI": {"Enhancing Tumor": 0.4913385808467865,"Edema": 0.45734307169914246,"Non-Contrast-Enhancing Tumor Core": 0.009912613779306412}},"amos_mrct_42": {"CT": {},"MRI": {"liver": 0.9618783593177795,"left adrenal gland": 0.5479592084884644,"bladder": 0.0,"arota": 0.8812021613121033,"gall bladder": 0.5659160017967224,"esophagus": 0.589418351650238,"right kidney": 0.958793044090271,"right adrenal gland": 0.4567466080188751,"stomach": 0.8085244297981262,"left kidney": 0.9502376317977905,"pancreas": 0.7734905481338501,"duodenum": 0.5616871118545532,"postcava": 0.7863208651542664,"prostate/uterus": 0.0,"spleen": 0.960771381855011}},"0018 Dataset": {"CT": {"colon cancer": 0.17078012228012085},"MRI": {}},"chaos_mrct_42": {"CT": {},"MRI": {"liver": 0.9104782938957214,"spleen": 0.02065645344555378,"left kidney": 0.47760656476020813,"right kidney": 0.8743821978569031}},"0020 Dataset": {"CT": {"liver": 0.9581347107887268,"tumour": 0.3901834487915039},"MRI": {}},"0022 Dataset": {"CT": {"tumour": 0.47085341811180115,"pancreas": 0.5583383440971375},"MRI": {}},"0023 Dataset": {"CT": {"spleen": 0.9531638026237488},"MRI": {}}},"per_dataset_modality_task_counts": {"MSD_mr_42": {"CT": {},"MRI": {"prostate": 4}},"T2-weighted-MRI_mr_42": {"CT": {},"MRI": {"prostate": 4}},"promise12_mr_42": {"CT": {},"MRI": {"prostate": 4}},"SAML_mr_42": {"CT": {},"MRI": {"prostate": 4}},"brats_mr_42": {"CT": {},"MRI": {"Enhancing Tumor": 4,"Edema": 4,"Non-Contrast-Enhancing Tumor Core": 4}},"amos_mrct_42": {"CT": {},"MRI": {"liver": 4,"left adrenal gland": 4,"bladder": 4,"arota": 4,"gall bladder": 4,"esophagus": 4,"right kidney": 4,"right adrenal gland": 4,"stomach": 4,"left kidney": 4,"pancreas": 4,"duodenum": 4,"postcava": 4,"prostate/uterus": 4,"spleen": 4}},"0018 Dataset": {"CT": {"colon cancer": 4},"MRI": {}},"chaos_mrct_42": {"CT": {},"MRI": {"liver": 3,"spleen": 3,"left kidney": 3,"right kidney": 3}},"0020 Dataset": {"CT": {"liver": 3,"tumour": 3},"MRI": {}},"0022 Dataset": {"CT": {"tumour": 3,"pancreas": 3},"MRI": {}},"0023 Dataset": {"CT": {"spleen": 3},"MRI": {}}}}