{"dice": 0.584477424621582,"per_dataset_modality_task_dice": {"MSD_mr_42": {"CT": {},"MRI": {"prostate": 0.8764169216156006}},"T2-weighted-MRI_mr_42": {"CT": {},"MRI": {"prostate": 0.8376584053039551}},"promise12_mr_42": {"CT": {},"MRI": {"prostate": 0.7229846119880676}},"SAML_mr_42": {"CT": {},"MRI": {"prostate": 0.5508742928504944}},"brats_mr_42": {"CT": {},"MRI": {"Enhancing Tumor": 0.2728196084499359,"Edema": 0.2130277007818222,"Non-Contrast-Enhancing Tumor Core": 0.026059424504637718}},"amos_mrct_42": {"CT": {},"MRI": {"liver": 0.9590088129043579,"left adrenal gland": 0.5422120094299316,"bladder": 0.0,"arota": 0.8781321048736572,"gall bladder": 0.4944171905517578,"esophagus": 0.5624368786811829,"right kidney": 0.8855500221252441,"right adrenal gland": 0.22203676402568817,"stomach": 0.8386786580085754,"left kidney": 0.9501977562904358,"pancreas": 0.7598604559898376,"duodenum": 0.5849553942680359,"postcava": 0.7672386765480042,"prostate/uterus": 0.0,"spleen": 0.9605506062507629}},"0018 Dataset": {"CT": {"colon cancer": 0.010877421125769615},"MRI": {}},"chaos_mrct_42": {"CT": {},"MRI": {"liver": 0.900787353515625,"spleen": 0.0,"left kidney": 0.6070252060890198,"right kidney": 0.7726449966430664}},"0020 Dataset": {"CT": {"liver": 0.9583204388618469,"tumour": 0.4839359521865845},"MRI": {}},"0022 Dataset": {"CT": {"tumour": 0.5236236453056335,"pancreas": 0.7551494240760803},"MRI": {}},"0023 Dataset": {"CT": {"spleen": 0.9614548683166504},"MRI": {}}},"per_dataset_modality_task_counts": {"MSD_mr_42": {"CT": {},"MRI": {"prostate": 4}},"T2-weighted-MRI_mr_42": {"CT": {},"MRI": {"prostate": 4}},"promise12_mr_42": {"CT": {},"MRI": {"prostate": 4}},"SAML_mr_42": {"CT": {},"MRI": {"prostate": 4}},"brats_mr_42": {"CT": {},"MRI": {"Enhancing Tumor": 4,"Edema": 4,"Non-Contrast-Enhancing Tumor Core": 4}},"amos_mrct_42": {"CT": {},"MRI": {"liver": 4,"left adrenal gland": 4,"bladder": 4,"arota": 4,"gall bladder": 4,"esophagus": 4,"right kidney": 4,"right adrenal gland": 4,"stomach": 4,"left kidney": 4,"pancreas": 4,"duodenum": 4,"postcava": 4,"prostate/uterus": 4,"spleen": 4}},"0018 Dataset": {"CT": {"colon cancer": 4},"MRI": {}},"chaos_mrct_42": {"CT": {},"MRI": {"liver": 3,"spleen": 3,"left kidney": 3,"right kidney": 3}},"0020 Dataset": {"CT": {"liver": 3,"tumour": 3},"MRI": {}},"0022 Dataset": {"CT": {"tumour": 3,"pancreas": 3},"MRI": {}},"0023 Dataset": {"CT": {"spleen": 3},"MRI": {}}}}