{"dice": 0.40225809812545776,"per_dataset_modality_task_dice": {"MSD_mr_42": {"CT": {},"MRI": {"prostate": 0.30033496022224426}},"T2-weighted-MRI_mr_42": {"CT": {},"MRI": {"prostate": 0.18824650347232819}},"promise12_mr_42": {"CT": {},"MRI": {"prostate": 0.016498025506734848}},"SAML_mr_42": {"CT": {},"MRI": {"prostate": 0.13821764290332794}},"brats_mr_42": {"CT": {},"MRI": {"Enhancing Tumor": 0.17951247096061707,"Edema": 0.05135501176118851,"Non-Contrast-Enhancing Tumor Core": 0.0}},"amos_mrct_42": {"CT": {},"MRI": {"liver": 0.9613271355628967,"left adrenal gland": 0.29961609840393066,"bladder": 0.0,"arota": 0.888957142829895,"gall bladder": 0.2936781644821167,"esophagus": 0.3723800778388977,"right kidney": 0.9583900570869446,"right adrenal gland": 0.2855217158794403,"stomach": 0.6671921014785767,"left kidney": 0.150211364030838,"pancreas": 0.7705090641975403,"duodenum": 0.4661239683628082,"postcava": 0.8081134557723999,"prostate/uterus": 0.0,"spleen": 0.7137578725814819}},"0018 Dataset": {"CT": {"colon cancer": 0.0},"MRI": {}},"chaos_mrct_42": {"CT": {},"MRI": {"liver": 0.910847008228302,"spleen": 0.26521655917167664,"left kidney": 0.497770220041275,"right kidney": 0.10197710990905762}},"0020 Dataset": {"CT": {"liver": 0.9570410251617432,"tumour": 0.26961758732795715},"MRI": {}},"0022 Dataset": {"CT": {"tumour": 0.21059733629226685,"pancreas": 0.5211904644966125},"MRI": {}},"0023 Dataset": {"CT": {"spleen": 0.8753888607025146},"MRI": {}}},"per_dataset_modality_task_counts": {"MSD_mr_42": {"CT": {},"MRI": {"prostate": 4}},"T2-weighted-MRI_mr_42": {"CT": {},"MRI": {"prostate": 4}},"promise12_mr_42": {"CT": {},"MRI": {"prostate": 4}},"SAML_mr_42": {"CT": {},"MRI": {"prostate": 4}},"brats_mr_42": {"CT": {},"MRI": {"Enhancing Tumor": 4,"Edema": 4,"Non-Contrast-Enhancing Tumor Core": 4}},"amos_mrct_42": {"CT": {},"MRI": {"liver": 4,"left adrenal gland": 4,"bladder": 4,"arota": 4,"gall bladder": 4,"esophagus": 4,"right kidney": 4,"right adrenal gland": 4,"stomach": 4,"left kidney": 4,"pancreas": 4,"duodenum": 4,"postcava": 4,"prostate/uterus": 4,"spleen": 4}},"0018 Dataset": {"CT": {"colon cancer": 4},"MRI": {}},"chaos_mrct_42": {"CT": {},"MRI": {"liver": 3,"spleen": 3,"left kidney": 3,"right kidney": 3}},"0020 Dataset": {"CT": {"liver": 3,"tumour": 3},"MRI": {}},"0022 Dataset": {"CT": {"tumour": 3,"pancreas": 3},"MRI": {}},"0023 Dataset": {"CT": {"spleen": 3},"MRI": {}}}}