{"dice": 0.5789703726768494,"per_dataset_modality_task_dice": {"MSD_mr_42": {"CT": {},"MRI": {"prostate": 0.8501061201095581}},"T2-weighted-MRI_mr_42": {"CT": {},"MRI": {"prostate": 0.7629544138908386}},"promise12_mr_42": {"CT": {},"MRI": {"prostate": 0.6865344643592834}},"SAML_mr_42": {"CT": {},"MRI": {"prostate": 0.4953119158744812}},"brats_mr_42": {"CT": {},"MRI": {"Enhancing Tumor": 0.48713308572769165,"Edema": 0.3263360261917114,"Non-Contrast-Enhancing Tumor Core": 0.015320131555199623}},"amos_mrct_42": {"CT": {},"MRI": {"right kidney": 0.9543512463569641,"left kidney": 0.9181527495384216,"pancreas": 0.7541669011116028,"gall bladder": 0.509634792804718,"spleen": 0.9599362015724182,"prostate/uterus": 0.0,"right adrenal gland": 0.33394935727119446,"arota": 0.8589097261428833,"bladder": 0.0,"left adrenal gland": 0.1416303962469101,"duodenum": 0.5338138341903687,"liver": 0.961064338684082,"stomach": 0.7883400917053223,"postcava": 0.7680103182792664,"esophagus": 0.5150694251060486}},"0018 Dataset": {"CT": {"colon cancer": 0.3052119016647339},"MRI": {}},"chaos_mrct_42": {"CT": {},"MRI": {"liver": 0.9114612936973572,"right kidney": 0.42233172059059143,"left kidney": 0.751457154750824,"spleen": 0.36990460753440857}},"0020 Dataset": {"CT": {"liver": 0.9582314491271973,"tumour": 0.44308313727378845},"MRI": {}},"0022 Dataset": {"CT": {"pancreas": 0.7687321305274963,"tumour": 0.1443810760974884},"MRI": {}},"0023 Dataset": {"CT": {"spleen": 0.9616605639457703},"MRI": {}}},"per_dataset_modality_task_counts": {"MSD_mr_42": {"CT": {},"MRI": {"prostate": 4}},"T2-weighted-MRI_mr_42": {"CT": {},"MRI": {"prostate": 4}},"promise12_mr_42": {"CT": {},"MRI": {"prostate": 4}},"SAML_mr_42": {"CT": {},"MRI": {"prostate": 4}},"brats_mr_42": {"CT": {},"MRI": {"Enhancing Tumor": 4,"Edema": 4,"Non-Contrast-Enhancing Tumor Core": 4}},"amos_mrct_42": {"CT": {},"MRI": {"right kidney": 4,"left kidney": 4,"pancreas": 4,"gall bladder": 4,"spleen": 4,"prostate/uterus": 4,"right adrenal gland": 4,"arota": 4,"bladder": 4,"left adrenal gland": 4,"duodenum": 4,"liver": 4,"stomach": 4,"postcava": 4,"esophagus": 4}},"0018 Dataset": {"CT": {"colon cancer": 4},"MRI": {}},"chaos_mrct_42": {"CT": {},"MRI": {"liver": 3,"right kidney": 3,"left kidney": 3,"spleen": 3}},"0020 Dataset": {"CT": {"liver": 3,"tumour": 3},"MRI": {}},"0022 Dataset": {"CT": {"pancreas": 3,"tumour": 3},"MRI": {}},"0023 Dataset": {"CT": {"spleen": 3},"MRI": {}}}}