{"dice": 0.6126793026924133,"per_dataset_modality_task_dice": {"MSD_mr_42": {"CT": {},"MRI": {"prostate": 0.8640788197517395}},"T2-weighted-MRI_mr_42": {"CT": {},"MRI": {"prostate": 0.8251648545265198}},"promise12_mr_42": {"CT": {},"MRI": {"prostate": 0.6861655712127686}},"SAML_mr_42": {"CT": {},"MRI": {"prostate": 0.5849170684814453}},"brats_mr_42": {"CT": {},"MRI": {"Enhancing Tumor": 0.4530697166919708,"Edema": 0.30554965138435364,"Non-Contrast-Enhancing Tumor Core": 0.06267766654491425}},"amos_mrct_42": {"CT": {},"MRI": {"right kidney": 0.9541496634483337,"left kidney": 0.9178295135498047,"pancreas": 0.735447347164154,"gall bladder": 0.46043360233306885,"spleen": 0.959109902381897,"prostate/uterus": 0.0,"right adrenal gland": 0.3048071563243866,"arota": 0.8719938397407532,"bladder": 0.0,"left adrenal gland": 0.47879523038864136,"duodenum": 0.575478196144104,"liver": 0.9619234204292297,"stomach": 0.7987756133079529,"postcava": 0.7775341868400574,"esophagus": 0.500549852848053}},"0018 Dataset": {"CT": {"colon cancer": 0.17420527338981628},"MRI": {}},"chaos_mrct_42": {"CT": {},"MRI": {"liver": 0.9105468392372131,"right kidney": 0.7790239453315735,"left kidney": 0.6603888869285583,"spleen": 0.813637912273407}},"0020 Dataset": {"CT": {"liver": 0.9584057331085205,"tumour": 0.4600689113140106},"MRI": {}},"0022 Dataset": {"CT": {"pancreas": 0.770096480846405,"tumour": 0.3187275826931},"MRI": {}},"0023 Dataset": {"CT": {"spleen": 0.9618425965309143},"MRI": {}}},"per_dataset_modality_task_counts": {"MSD_mr_42": {"CT": {},"MRI": {"prostate": 4}},"T2-weighted-MRI_mr_42": {"CT": {},"MRI": {"prostate": 4}},"promise12_mr_42": {"CT": {},"MRI": {"prostate": 4}},"SAML_mr_42": {"CT": {},"MRI": {"prostate": 4}},"brats_mr_42": {"CT": {},"MRI": {"Enhancing Tumor": 4,"Edema": 4,"Non-Contrast-Enhancing Tumor Core": 4}},"amos_mrct_42": {"CT": {},"MRI": {"right kidney": 4,"left kidney": 4,"pancreas": 4,"gall bladder": 4,"spleen": 4,"prostate/uterus": 4,"right adrenal gland": 4,"arota": 4,"bladder": 4,"left adrenal gland": 4,"duodenum": 4,"liver": 4,"stomach": 4,"postcava": 4,"esophagus": 4}},"0018 Dataset": {"CT": {"colon cancer": 4},"MRI": {}},"chaos_mrct_42": {"CT": {},"MRI": {"liver": 3,"right kidney": 3,"left kidney": 3,"spleen": 3}},"0020 Dataset": {"CT": {"liver": 3,"tumour": 3},"MRI": {}},"0022 Dataset": {"CT": {"pancreas": 3,"tumour": 3},"MRI": {}},"0023 Dataset": {"CT": {"spleen": 3},"MRI": {}}}}