{"dice": 0.5875877737998962,"per_dataset_modality_task_dice": {"MSD_mr_42": {"CT": {},"MRI": {"prostate": 0.809931755065918}},"T2-weighted-MRI_mr_42": {"CT": {},"MRI": {"prostate": 0.8102513551712036}},"promise12_mr_42": {"CT": {},"MRI": {"prostate": 0.7986462712287903}},"SAML_mr_42": {"CT": {},"MRI": {"prostate": 0.47961995005607605}},"brats_mr_42": {"CT": {},"MRI": {"Enhancing Tumor": 0.32067224383354187,"Edema": 0.10809147357940674,"Non-Contrast-Enhancing Tumor Core": 0.004082286264747381}},"amos_mrct_42": {"CT": {},"MRI": {"right kidney": 0.9538729190826416,"left kidney": 0.94643634557724,"pancreas": 0.7145038843154907,"gall bladder": 0.46424704790115356,"spleen": 0.9576036334037781,"prostate/uterus": 0.0,"right adrenal gland": 0.5255481004714966,"arota": 0.8735029697418213,"bladder": 0.0,"left adrenal gland": 0.5973190665245056,"duodenum": 0.5373889207839966,"liver": 0.9596983790397644,"stomach": 0.8263717889785767,"postcava": 0.7377585768699646,"esophagus": 0.5504428148269653}},"0018 Dataset": {"CT": {"colon cancer": 0.1834738552570343},"MRI": {}},"chaos_mrct_42": {"CT": {},"MRI": {"liver": 0.9054202437400818,"right kidney": 0.8804448246955872,"left kidney": 0.483676940202713,"spleen": 0.31296414136886597}},"0020 Dataset": {"CT": {"liver": 0.9523923993110657,"tumour": 0.2439509779214859},"MRI": {}},"0022 Dataset": {"CT": {"pancreas": 0.7561781406402588,"tumour": 0.26481425762176514},"MRI": {}},"0023 Dataset": {"CT": {"spleen": 0.9618501663208008},"MRI": {}}},"per_dataset_modality_task_counts": {"MSD_mr_42": {"CT": {},"MRI": {"prostate": 4}},"T2-weighted-MRI_mr_42": {"CT": {},"MRI": {"prostate": 4}},"promise12_mr_42": {"CT": {},"MRI": {"prostate": 4}},"SAML_mr_42": {"CT": {},"MRI": {"prostate": 4}},"brats_mr_42": {"CT": {},"MRI": {"Enhancing Tumor": 4,"Edema": 4,"Non-Contrast-Enhancing Tumor Core": 4}},"amos_mrct_42": {"CT": {},"MRI": {"right kidney": 4,"left kidney": 4,"pancreas": 4,"gall bladder": 4,"spleen": 4,"prostate/uterus": 4,"right adrenal gland": 4,"arota": 4,"bladder": 4,"left adrenal gland": 4,"duodenum": 4,"liver": 4,"stomach": 4,"postcava": 4,"esophagus": 4}},"0018 Dataset": {"CT": {"colon cancer": 4},"MRI": {}},"chaos_mrct_42": {"CT": {},"MRI": {"liver": 3,"right kidney": 3,"left kidney": 3,"spleen": 3}},"0020 Dataset": {"CT": {"liver": 3,"tumour": 3},"MRI": {}},"0022 Dataset": {"CT": {"pancreas": 3,"tumour": 3},"MRI": {}},"0023 Dataset": {"CT": {"spleen": 3},"MRI": {}}}}