{"dice": 0.3618347644805908,"per_dataset_modality_task_dice": {"MSD_mr_42": {"CT": {},"MRI": {"prostate": 0.35061371326446533}},"T2-weighted-MRI_mr_42": {"CT": {},"MRI": {"prostate": 0.351674348115921}},"promise12_mr_42": {"CT": {},"MRI": {"prostate": 0.032199375331401825}},"SAML_mr_42": {"CT": {},"MRI": {"prostate": 0.11630938202142715}},"brats_mr_42": {"CT": {},"MRI": {"Enhancing Tumor": 0.1514565348625183,"Edema": 0.03954751789569855,"Non-Contrast-Enhancing Tumor Core": 0.005359114147722721}},"amos_mrct_42": {"CT": {},"MRI": {"right kidney": 0.9563208818435669,"left kidney": 0.6011157631874084,"pancreas": 0.6490321755409241,"gall bladder": 0.4259735941886902,"spleen": 0.7176990509033203,"prostate/uterus": 0.0,"right adrenal gland": 0.19344651699066162,"arota": 0.7513937950134277,"bladder": 0.0,"left adrenal gland": 0.19203320145606995,"duodenum": 0.3963795304298401,"liver": 0.9521592259407043,"stomach": 0.4428899586200714,"postcava": 0.47717365622520447,"esophagus": 0.2537727653980255}},"0018 Dataset": {"CT": {"colon cancer": 0.0},"MRI": {}},"chaos_mrct_42": {"CT": {},"MRI": {"liver": 0.6103969216346741,"right kidney": 0.280956894159317,"left kidney": 0.25655102729797363,"spleen": 0.5373656749725342}},"0020 Dataset": {"CT": {"liver": 0.787977397441864,"tumour": 0.1734972447156906},"MRI": {}},"0022 Dataset": {"CT": {"pancreas": 0.5214162468910217,"tumour": 0.12469524145126343},"MRI": {}},"0023 Dataset": {"CT": {"spleen": 0.3178538978099823},"MRI": {}}},"per_dataset_modality_task_counts": {"MSD_mr_42": {"CT": {},"MRI": {"prostate": 4}},"T2-weighted-MRI_mr_42": {"CT": {},"MRI": {"prostate": 4}},"promise12_mr_42": {"CT": {},"MRI": {"prostate": 4}},"SAML_mr_42": {"CT": {},"MRI": {"prostate": 4}},"brats_mr_42": {"CT": {},"MRI": {"Enhancing Tumor": 4,"Edema": 4,"Non-Contrast-Enhancing Tumor Core": 4}},"amos_mrct_42": {"CT": {},"MRI": {"right kidney": 4,"left kidney": 4,"pancreas": 4,"gall bladder": 4,"spleen": 4,"prostate/uterus": 4,"right adrenal gland": 4,"arota": 4,"bladder": 4,"left adrenal gland": 4,"duodenum": 4,"liver": 4,"stomach": 4,"postcava": 4,"esophagus": 4}},"0018 Dataset": {"CT": {"colon cancer": 4},"MRI": {}},"chaos_mrct_42": {"CT": {},"MRI": {"liver": 3,"right kidney": 3,"left kidney": 3,"spleen": 3}},"0020 Dataset": {"CT": {"liver": 3,"tumour": 3},"MRI": {}},"0022 Dataset": {"CT": {"pancreas": 3,"tumour": 3},"MRI": {}},"0023 Dataset": {"CT": {"spleen": 3},"MRI": {}}}}