{"dice": 0.6303192973136902,"per_dataset_modality_task_dice": {"MSD_mr_42": {"CT": {},"MRI": {"prostate": 0.8680472373962402}},"T2-weighted-MRI_mr_42": {"CT": {},"MRI": {"prostate": 0.8241015076637268}},"promise12_mr_42": {"CT": {},"MRI": {"prostate": 0.7403990030288696}},"SAML_mr_42": {"CT": {},"MRI": {"prostate": 0.5894699692726135}},"brats_mr_42": {"CT": {},"MRI": {"Enhancing Tumor": 0.49945497512817383,"Edema": 0.3337807357311249,"Non-Contrast-Enhancing Tumor Core": 0.0635467991232872}},"amos_mrct_42": {"CT": {},"MRI": {"right kidney": 0.954296886920929,"left kidney": 0.9460265040397644,"pancreas": 0.7184580564498901,"gall bladder": 0.49100804328918457,"spleen": 0.9583519697189331,"prostate/uterus": 0.0,"right adrenal gland": 0.3952431380748749,"arota": 0.8568756580352783,"bladder": 0.0,"left adrenal gland": 0.5663793087005615,"duodenum": 0.5735653638839722,"liver": 0.9609030485153198,"stomach": 0.7998644113540649,"postcava": 0.7803088426589966,"esophagus": 0.553234875202179}},"0018 Dataset": {"CT": {"colon cancer": 0.22309504449367523},"MRI": {}},"chaos_mrct_42": {"CT": {},"MRI": {"liver": 0.9108210206031799,"right kidney": 0.5966484546661377,"left kidney": 0.5747897028923035,"spleen": 0.8506013751029968}},"0020 Dataset": {"CT": {"liver": 0.9588524699211121,"tumour": 0.45562925934791565},"MRI": {}},"0022 Dataset": {"CT": {"pancreas": 0.7713069319725037,"tumour": 0.6600820422172546},"MRI": {}},"0023 Dataset": {"CT": {"spleen": 0.9620490670204163},"MRI": {}}},"per_dataset_modality_task_counts": {"MSD_mr_42": {"CT": {},"MRI": {"prostate": 4}},"T2-weighted-MRI_mr_42": {"CT": {},"MRI": {"prostate": 4}},"promise12_mr_42": {"CT": {},"MRI": {"prostate": 4}},"SAML_mr_42": {"CT": {},"MRI": {"prostate": 4}},"brats_mr_42": {"CT": {},"MRI": {"Enhancing Tumor": 4,"Edema": 4,"Non-Contrast-Enhancing Tumor Core": 4}},"amos_mrct_42": {"CT": {},"MRI": {"right kidney": 4,"left kidney": 4,"pancreas": 4,"gall bladder": 4,"spleen": 4,"prostate/uterus": 4,"right adrenal gland": 4,"arota": 4,"bladder": 4,"left adrenal gland": 4,"duodenum": 4,"liver": 4,"stomach": 4,"postcava": 4,"esophagus": 4}},"0018 Dataset": {"CT": {"colon cancer": 4},"MRI": {}},"chaos_mrct_42": {"CT": {},"MRI": {"liver": 3,"right kidney": 3,"left kidney": 3,"spleen": 3}},"0020 Dataset": {"CT": {"liver": 3,"tumour": 3},"MRI": {}},"0022 Dataset": {"CT": {"pancreas": 3,"tumour": 3},"MRI": {}},"0023 Dataset": {"CT": {"spleen": 3},"MRI": {}}}}