{"dice": 0.5434744954109192,"per_dataset_modality_task_dice": {"MSD_mr_42": {"CT": {},"MRI": {"prostate": 0.7708010077476501}},"T2-weighted-MRI_mr_42": {"CT": {},"MRI": {"prostate": 0.8163464665412903}},"promise12_mr_42": {"CT": {},"MRI": {"prostate": 0.4361706078052521}},"SAML_mr_42": {"CT": {},"MRI": {"prostate": 0.6479621529579163}},"brats_mr_42": {"CT": {},"MRI": {"Enhancing Tumor": 0.25663065910339355,"Edema": 0.20349572598934174,"Non-Contrast-Enhancing Tumor Core": 0.013739421032369137}},"amos_mrct_42": {"CT": {},"MRI": {"right kidney": 0.6366395950317383,"left kidney": 0.7446181774139404,"pancreas": 0.22616656124591827,"gall bladder": 0.448906809091568,"spleen": 0.9537264704704285,"prostate/uterus": 0.0,"right adrenal gland": 0.21866761147975922,"arota": 0.6426569223403931,"bladder": 0.0,"left adrenal gland": 0.5171041488647461,"duodenum": 0.35462236404418945,"liver": 0.8821864128112793,"stomach": 0.6942929625511169,"postcava": 0.37002652883529663,"esophagus": 0.3220694363117218}},"0018 Dataset": {"CT": {"colon cancer": 0.7271212935447693},"MRI": {}},"chaos_mrct_42": {"CT": {},"MRI": {"liver": 0.9058337211608887,"right kidney": 0.789973795413971,"left kidney": 0.7125582695007324,"spleen": 0.8902937769889832}},"0020 Dataset": {"CT": {"liver": 0.957847535610199,"tumour": 0.4508610665798187},"MRI": {}},"0022 Dataset": {"CT": {"pancreas": 0.7663400769233704,"tumour": 0.6066874861717224},"MRI": {}},"0023 Dataset": {"CT": {"spleen": 0.9654860496520996},"MRI": {}}},"per_dataset_modality_task_counts": {"MSD_mr_42": {"CT": {},"MRI": {"prostate": 4}},"T2-weighted-MRI_mr_42": {"CT": {},"MRI": {"prostate": 4}},"promise12_mr_42": {"CT": {},"MRI": {"prostate": 4}},"SAML_mr_42": {"CT": {},"MRI": {"prostate": 4}},"brats_mr_42": {"CT": {},"MRI": {"Enhancing Tumor": 4,"Edema": 4,"Non-Contrast-Enhancing Tumor Core": 4}},"amos_mrct_42": {"CT": {},"MRI": {"right kidney": 4,"left kidney": 4,"pancreas": 4,"gall bladder": 4,"spleen": 4,"prostate/uterus": 4,"right adrenal gland": 4,"arota": 4,"bladder": 4,"left adrenal gland": 4,"duodenum": 4,"liver": 4,"stomach": 4,"postcava": 4,"esophagus": 4}},"0018 Dataset": {"CT": {"colon cancer": 4},"MRI": {}},"chaos_mrct_42": {"CT": {},"MRI": {"liver": 3,"right kidney": 3,"left kidney": 3,"spleen": 3}},"0020 Dataset": {"CT": {"liver": 3,"tumour": 3},"MRI": {}},"0022 Dataset": {"CT": {"pancreas": 3,"tumour": 3},"MRI": {}},"0023 Dataset": {"CT": {"spleen": 3},"MRI": {}}}}