{"dice": 0.6426553130149841,"per_dataset_modality_task_dice": {"MSD_mr_42": {"CT": {},"MRI": {"prostate": 0.866264820098877}},"T2-weighted-MRI_mr_42": {"CT": {},"MRI": {"prostate": 0.8212404251098633}},"promise12_mr_42": {"CT": {},"MRI": {"prostate": 0.706462025642395}},"SAML_mr_42": {"CT": {},"MRI": {"prostate": 0.5890439748764038}},"brats_mr_42": {"CT": {},"MRI": {"Enhancing Tumor": 0.5037437081336975,"Edema": 0.3274899423122406,"Non-Contrast-Enhancing Tumor Core": 0.0643775463104248}},"amos_mrct_42": {"CT": {},"MRI": {"right kidney": 0.954296886920929,"left kidney": 0.9459505081176758,"pancreas": 0.7199729084968567,"gall bladder": 0.5147995948791504,"spleen": 0.9589675664901733,"prostate/uterus": 0.0,"right adrenal gland": 0.4991510212421417,"arota": 0.8573307394981384,"bladder": 0.0,"left adrenal gland": 0.5830560922622681,"duodenum": 0.559777557849884,"liver": 0.9608479738235474,"stomach": 0.7993984222412109,"postcava": 0.7674519419670105,"esophagus": 0.5377907156944275}},"0018 Dataset": {"CT": {"colon cancer": 0.24986031651496887},"MRI": {}},"chaos_mrct_42": {"CT": {},"MRI": {"liver": 0.9108899235725403,"right kidney": 0.8613059520721436,"left kidney": 0.6281187534332275,"spleen": 0.8534457087516785}},"0020 Dataset": {"CT": {"liver": 0.9583770632743835,"tumour": 0.4874081611633301},"MRI": {}},"0022 Dataset": {"CT": {"pancreas": 0.7714629769325256,"tumour": 0.6762527823448181},"MRI": {}},"0023 Dataset": {"CT": {"spleen": 0.9616996645927429},"MRI": {}}},"per_dataset_modality_task_counts": {"MSD_mr_42": {"CT": {},"MRI": {"prostate": 4}},"T2-weighted-MRI_mr_42": {"CT": {},"MRI": {"prostate": 4}},"promise12_mr_42": {"CT": {},"MRI": {"prostate": 4}},"SAML_mr_42": {"CT": {},"MRI": {"prostate": 4}},"brats_mr_42": {"CT": {},"MRI": {"Enhancing Tumor": 4,"Edema": 4,"Non-Contrast-Enhancing Tumor Core": 4}},"amos_mrct_42": {"CT": {},"MRI": {"right kidney": 4,"left kidney": 4,"pancreas": 4,"gall bladder": 4,"spleen": 4,"prostate/uterus": 4,"right adrenal gland": 4,"arota": 4,"bladder": 4,"left adrenal gland": 4,"duodenum": 4,"liver": 4,"stomach": 4,"postcava": 4,"esophagus": 4}},"0018 Dataset": {"CT": {"colon cancer": 4},"MRI": {}},"chaos_mrct_42": {"CT": {},"MRI": {"liver": 3,"right kidney": 3,"left kidney": 3,"spleen": 3}},"0020 Dataset": {"CT": {"liver": 3,"tumour": 3},"MRI": {}},"0022 Dataset": {"CT": {"pancreas": 3,"tumour": 3},"MRI": {}},"0023 Dataset": {"CT": {"spleen": 3},"MRI": {}}}}