{"dice": 0.536923885345459,"per_dataset_modality_task_dice": {"MSD_mr_42": {"CT": {},"MRI": {"prostate": 0.8623554110527039}},"T2-weighted-MRI_mr_42": {"CT": {},"MRI": {"prostate": 0.8233911991119385}},"promise12_mr_42": {"CT": {},"MRI": {"prostate": 0.07157032936811447}},"SAML_mr_42": {"CT": {},"MRI": {"prostate": 0.5965773463249207}},"brats_mr_42": {"CT": {},"MRI": {"Enhancing Tumor": 0.5286892056465149,"Edema": 0.3845033049583435,"Non-Contrast-Enhancing Tumor Core": 0.06782586872577667}},"amos_mrct_42": {"CT": {},"MRI": {"right kidney": 0.9285473823547363,"left kidney": 0.8513771295547485,"pancreas": 0.4878883361816406,"gall bladder": 0.3302827775478363,"spleen": 0.8665492534637451,"prostate/uterus": 0.0,"right adrenal gland": 0.3509168326854706,"arota": 0.8488123416900635,"bladder": 0.0,"left adrenal gland": 0.3275740146636963,"duodenum": 0.5339058637619019,"liver": 0.9587526321411133,"stomach": 0.6804695129394531,"postcava": 0.6820576786994934,"esophagus": 0.37839987874031067}},"0018 Dataset": {"CT": {"colon cancer": 0.23909631371498108},"MRI": {}},"chaos_mrct_42": {"CT": {},"MRI": {"liver": 0.9042527675628662,"right kidney": 0.8515285849571228,"left kidney": 0.33472970128059387,"spleen": 0.07799195498228073}},"0020 Dataset": {"CT": {"liver": 0.9599964022636414,"tumour": 0.005883967969566584},"MRI": {}},"0022 Dataset": {"CT": {"pancreas": 0.7562130093574524,"tumour": 0.7107126116752625},"MRI": {}},"0023 Dataset": {"CT": {"spleen": 0.9639462828636169},"MRI": {}}},"per_dataset_modality_task_counts": {"MSD_mr_42": {"CT": {},"MRI": {"prostate": 4}},"T2-weighted-MRI_mr_42": {"CT": {},"MRI": {"prostate": 4}},"promise12_mr_42": {"CT": {},"MRI": {"prostate": 4}},"SAML_mr_42": {"CT": {},"MRI": {"prostate": 4}},"brats_mr_42": {"CT": {},"MRI": {"Enhancing Tumor": 4,"Edema": 4,"Non-Contrast-Enhancing Tumor Core": 4}},"amos_mrct_42": {"CT": {},"MRI": {"right kidney": 4,"left kidney": 4,"pancreas": 4,"gall bladder": 4,"spleen": 4,"prostate/uterus": 4,"right adrenal gland": 4,"arota": 4,"bladder": 4,"left adrenal gland": 4,"duodenum": 4,"liver": 4,"stomach": 4,"postcava": 4,"esophagus": 4}},"0018 Dataset": {"CT": {"colon cancer": 4},"MRI": {}},"chaos_mrct_42": {"CT": {},"MRI": {"liver": 3,"right kidney": 3,"left kidney": 3,"spleen": 3}},"0020 Dataset": {"CT": {"liver": 3,"tumour": 3},"MRI": {}},"0022 Dataset": {"CT": {"pancreas": 3,"tumour": 3},"MRI": {}},"0023 Dataset": {"CT": {"spleen": 3},"MRI": {}}}}